-0.00654000000001176,-0.0692778484848446,0,5,2,1
0.0434599999999872,-0.0601869393939367,0,5,2,1
0.0934599999999861,-0.0516010808080765,0,5,2,1
0.143459999999985,-0.0430152222222162,0,5,2,1
0.193459999999984,-0.0344293636363631,0,5,2,1
0.243459999999983,-0.026348555555554,0,5,2,1
0.293459999999984,-0.018267747474745,0,5,2,1
0.343459999999981,-0.010186939393936,0,5,2,1
0.39345999999998,-0.00261118181817466,0,5,2,1
0.44345999999998,0.00496457575757958,0,5,2,1
0.493459999999979,0.0125403333333374,0,5,2,1
0.54345999999998,0.0196110404040475,0,5,2,1
0.593459999999981,0.0261766969696993,0,5,2,1
0.643459999999981,0.0327423535353581,0,5,2,1
0.693459999999982,0.0388029595959658,0,5,2,1
0.743459999999983,0.0448635656565699,0,5,2,1
0.793459999999984,0.0509241717171776,0,5,2,1
0.843459999999986,0.0559746767676792,0,5,2,1
0.893459999999987,0.0610251818181879,0,5,2,1
0.943459999999989,0.0660756868686896,0,5,2,1
0.993459999999988,0.0701160909090923,0,5,2,1
1.04345999999999,0.0741564949494986,0,5,2,1
1.09345999999999,0.0776918484848501,0,5,2,1
1.14345999999999,0.0812272020202087,0,5,2,1
1.19345999999999,0.084257505050509,0,5,2,1
1.24345999999999,0.0867827575757616,0,5,2,1
1.29345999999999,0.0893080101010177,0,5,2,1
1.34345999999999,0.0908231616161679,0,5,2,1
1.39345999999999,0.092338313131318,0,5,2,1
1.44345999999999,0.0938534646464682,0,5,2,1
1.49346,0.0948635656565706,0,5,2,1
1.54345999999999,0.0953686161616183,0,5,2,1
1.59346,0.0953686161616183,0,5,2,1
1.64346,0.0953686161616183,0,5,2,1
1.69346,0.0953686161616183,0,5,2,1
1.74346,0.0943585151515194,0,5,2,1
1.79346,0.0933484141414134,0,5,2,1
1.84346,0.0918332626262632,0,5,2,1
1.89346,0.0903181111111131,0,5,2,1
1.94346,0.0882979090909117,0,5,2,1
1.99346,0.0857726565656591,0,5,2,1
2.04346,0.0827423535353589,0,5,2,1
2.09346,0.0797120505050586,0,5,2,1
2.14346,0.0761766969697,0,5,2,1
2.19346,0.0721362929292972,0,5,2,1
2.24346,0.0675908383838468,0,5,2,1
2.29346,0.0630453838383893,0,5,2,1
2.34346,0.0579948787878806,0,5,2,1
2.39346,0.0524393232323277,0,5,2,1
2.44346,0.04637871717172,0,5,2,1
2.49346000000001,0.0403181111111159,0,5,2,1
2.54346,0.0337524545454571,0,5,2,1
2.59346000000001,0.0271867979798053,0,5,2,1
2.64346000000001,0.0201160909090952,0,5,2,1
2.69346000000001,0.0120352828282861,0,5,2,1
2.74346,0.00395447474747712,0,5,2,1
2.79346,-0.00463138383838313,0,5,2,1
2.84346,-0.0132172424242363,0,5,2,1
2.89346000000001,-0.0223081515151513,0,5,2,1
2.94346000000001,-0.0319041111111069,0,5,2,1
2.99346000000001,-0.0420051212121173,0,5,2,1
3.04346,-0.0526111818181825,0,5,2,1
3.09346000000001,-0.0632172424242441,0,5,2,1
3.14346,-0.0743283535353534,0,5,2,1
3.19346000000001,-0.0859445151515139,0,5,2,1
3.24346,-0.0980657272727257,0,5,2,1
3.29346,-0.110691989898989,0,5,2,1
3.34346000000001,-0.123823303030306,0,5,2,1
3.39346000000001,-0.136954616161617,0,5,2,1
3.44346000000001,-0.150590979797979,0,5,2,1
3.49346000000001,-0.164732393939392,0,5,2,1
3.54346000000001,-0.17937885858586,0,5,2,1
3.59346000000001,-0.194530373737372,0,5,2,1
3.64346000000001,-0.210186939393939,0,5,2,1
3.69346000000001,-0.225843505050509,0,5,2,1
3.74346000000001,-0.242005121212124,0,5,2,1
3.79346000000001,-0.258671787878786,0,5,2,1
3.84346000000001,-0.276348555555554,0,5,2,1
3.89346000000002,-0.294530373737373,0,5,2,1
3.94346000000002,-0.313217242424244,0,5,2,1
3.99346000000002,-0.332409161616166,0,5,2,1
4.04346000000002,-0.351601080808084,0,5,2,1
4.09346000000002,-0.37129805050505,0,5,2,1
4.14346000000002,-0.391500070707071,0,5,2,1
4.19346000000002,-0.412207141414147,0,5,2,1
4.24346000000002,-0.433419262626263,0,5,2,1
4.29346000000002,-0.454631383838382,0,5,2,1
4.34346000000002,-0.47634855555556,0,5,2,1
4.39346000000002,-0.498570777777783,0,5,2,1
4.44346000000002,-0.521298050505052,0,5,2,1
4.49346000000002,-0.544530373737377,0,5,2,1
4.54346000000002,-0.568267747474746,0,5,2,1
4.59346000000002,-0.593015222222224,0,5,2,1
4.64346000000002,-0.61826774747475,0,5,2,1
4.69346000000002,-0.644025323232327,0,5,2,1
4.74346000000002,-0.670287949494952,0,5,2,1
4.79346000000002,-0.697055626262628,0,5,2,1
4.84346000000002,-0.723823303030304,0,5,2,1
4.89346000000002,-0.751096030303032,0,5,2,1
4.94346000000002,-0.778873808080807,0,5,2,1
4.99346000000002,-0.807156636363636,0,5,2,1
5.04346000000002,-0.835944515151517,0,5,2,1
5.09346000000001,-0.86523744444445,0,5,2,1
5.14346000000001,-0.89503542424243,0,5,2,1
5.19346000000001,-0.925338454545457,0,5,2,1
5.24346000000001,-0.95614653535354,0,5,2,1
5.29346000000001,-0.98745966666667,0,5,2,1
5.34346000000001,-1.01927784848485,0,5,2,1
5.39346000000001,-1.05160108080808,0,5,2,1
5.44346000000001,-1.08442936363636,0,5,2,1
5.49346000000001,-1.1177626969697,0,5,2,1
5.54295494949496,-1.15109603030303,0,5,2,1
5.59244989898991,-1.18493441414141,0,5,2,1
5.64194484848486,-1.21927784848485,0,5,2,1
5.6914397979798,-1.25412633333334,0,5,2,1
5.74093474747475,-1.28947986868687,0,5,2,1
5.7904296969697,-1.3248334040404,0,5,2,1
5.83992464646465,-1.36069198989899,0,5,2,1
5.8894195959596,-1.39705562626263,0,5,2,1
5.93891454545454,-1.43341926262626,0,5,2,1
5.98790444444444,-1.47028794949495,0,5,2,1
6.03689434343434,-1.50715663636364,0,5,2,1
6.08588424242423,-1.54453037373737,0,5,2,1
6.13487414141414,-1.58240916161616,0,5,2,1
6.18386404040403,-1.62028794949495,0,5,2,1
6.23234888888888,-1.65867178787879,0,5,2,1
6.28083373737373,-1.69705562626262,0,5,2,1
6.32931858585857,-1.73594451515151,0,5,2,1
6.37780343434342,-1.77533845454545,0,5,2,1
6.42578323232322,-1.81473239393939,0,5,2,1
6.47376303030302,-1.85463138383838,0,5,2,1
6.52174282828282,-1.89453037373737,0,5,2,1
6.56972262626261,-1.93493441414141,0,5,2,1
6.61770242424241,-1.9758435050505,0,5,2,1
6.66568222222221,-2.01675259595959,0,5,2,1
6.71315696969696,-2.05816673737374,0,5,2,1
6.7606317171717,-2.09958087878788,0,5,2,1
6.80810646464645,-2.14150007070707,0,5,2,1
6.8555812121212,-2.18341926262626,0,5,2,1
6.90255090909089,-2.2258435050505,0,5,2,1
6.94952060606059,-2.26826774747475,0,5,2,1
6.99598525252524,-2.31119704040404,0,5,2,1
7.04244989898988,-2.35412633333333,0,5,2,1
7.08891454545452,-2.39756067676768,0,5,2,1
7.13487414141412,-2.44099502020202,0,5,2,1
7.18083373737372,-2.48493441414141,0,5,2,1
7.22679333333331,-2.52887380808081,0,5,2,1
7.27275292929291,-2.57331825252525,0,5,2,1
7.3187125252525,-2.6177626969697,0,5,2,1
7.36416707070705,-2.66271219191919,0,5,2,1
7.4096216161616,-2.70766168686869,0,5,2,1
7.4545711111111,-2.75311623232323,0,5,2,1
7.49952060606059,-2.79857077777778,0,5,2,1
7.54396505050503,-2.84402532323233,0,5,2,1
7.58840949494948,-2.88998491919192,0,5,2,1
7.63234888888888,-2.93594451515152,0,5,2,1
7.67578323232322,-2.98240916161616,0,5,2,1
7.71921757575756,-3.02887380808081,0,5,2,1
7.76214686868686,-3.07533845454546,0,5,2,1
7.80507616161615,-3.12230815151516,0,5,2,1
7.84750040404039,-3.16927784848485,0,5,2,1
7.88941959595959,-3.2167525959596,0,5,2,1
7.93083373737373,-3.26422734343435,0,5,2,1
7.97174282828282,-3.31170209090909,0,5,2,1
8.01265191919191,-3.35917683838384,0,5,2,1
8.05305595959595,-3.40665158585859,0,5,2,1
8.09295494949494,-3.45412633333333,0,5,2,1
8.13234888888888,-3.50210613131313,0,5,2,1
8.17123777777776,-3.55008592929293,0,5,2,1
8.21012666666666,-3.59806572727273,0,5,2,1
8.2485105050505,-3.64604552525253,0,5,2,1
8.28638929292928,-3.69402532323232,0,5,2,1
8.32376303030302,-3.74200512121212,0,5,2,1
8.36063171717171,-3.79048996969697,0,5,2,1
8.39750040404039,-3.83897481818182,0,5,2,1
8.43386404040403,-3.88745966666667,0,5,2,1
8.46972262626262,-3.93594451515152,0,5,2,1
8.50507616161615,-3.98442936363636,0,5,2,1
8.53992464646464,-4.03291421212121,0,5,2,1
8.57477313131312,-4.08139906060606,0,5,2,1
8.60911656565656,-4.13038895959596,0,5,2,1
8.64295494949494,-4.17937885858586,0,5,2,1
8.67628828282828,-4.22836875757575,0,5,2,1
8.70911656565657,-4.27735865656566,0,5,2,1
8.7414397979798,-4.32634855555555,0,5,2,1
8.77376303030303,-4.3758435050505,0,5,2,1
8.80558121212121,-4.42533845454546,0,5,2,1
8.83689434343435,-4.4748334040404,0,5,2,1
8.86770242424243,-4.52432835353535,0,5,2,1
8.89800545454545,-4.5738233030303,0,5,2,1
8.92780343434343,-4.62331825252526,0,5,2,1
8.95760141414141,-4.6728132020202,0,5,2,1
8.98689434343434,-4.72230815151515,0,5,2,1
9.01568222222222,-4.7718031010101,0,5,2,1
9.04396505050505,-4.82129805050505,0,5,2,1
9.07174282828283,-4.870793,0,5,2,1
9.09901555555556,-4.920793,0,5,2,1
9.12578323232324,-4.970793,0,5,2,1
9.15204585858586,-5.020793,0,5,2,1
9.17780343434344,-5.070793,0,5,2,1
9.20305595959597,-5.120793,0,5,2,1
9.22729838383839,-5.170793,0,5,2,1
9.25103575757577,-5.220793,0,5,2,1
9.27426808080809,-5.270793,0,5,2,1
9.29649030303031,-5.320793,0,5,2,1
9.31820747474749,-5.370793,0,5,2,1
9.33891454545456,-5.420793,0,5,2,1
9.35911656565658,-5.470793,0,5,2,1
9.3783084848485,-5.520793,0,5,2,1
9.39699535353536,-5.570793,0,5,2,1
9.41517717171718,-5.62079300000001,0,5,2,1
9.43285393939395,-5.67079300000001,0,5,2,1
9.44952060606062,-5.720793,0,5,2,1
9.46517717171718,-5.770793,0,5,2,1
9.47982363636365,-5.82079300000001,0,5,2,1
9.49346000000001,-5.87079300000001,0,5,2,1
9.50659131313133,-5.92079300000001,0,5,2,1
9.51871252525254,-5.97079300000001,0,5,2,1
9.52982363636365,-6.02079300000001,0,5,2,1
9.54042969696971,-6.07079300000001,0,5,2,1
9.55002565656567,-6.12079300000001,0,5,2,1
9.55861151515152,-6.17079300000001,0,5,2,1
9.56618727272728,-6.22079300000001,0,5,2,1
9.57275292929294,-6.27079300000002,0,5,2,1
9.5793185858586,-6.32079300000002,0,5,2,1
9.58487414141415,-6.37079300000002,0,5,2,1
9.58941959595961,-6.42079300000002,0,5,2,1
9.59295494949495,-6.47079300000002,0,5,2,1
9.59598525252526,-6.52079300000002,0,5,2,1
9.59851050505051,-6.57079300000002,0,5,2,1
9.60002565656566,-6.62079300000002,0,5,2,1
9.60053070707071,-6.67079300000002,0,5,2,1
9.60002565656566,-6.72079300000002,0,5,2,1
9.59851050505051,-6.77079300000002,0,5,2,1
9.5964903030303,-6.82079300000001,0,5,2,1
9.59346,-6.87079300000001,0,5,2,1
9.58941959595959,-6.92079300000001,0,5,2,1
9.58436909090909,-6.97079300000001,0,5,2,1
9.57881353535353,-7.02079300000001,0,5,2,1
9.57224787878787,-7.07079300000001,0,5,2,1
9.56517717171717,-7.12079300000001,0,5,2,1
9.55760141414141,-7.17079300000001,0,5,2,1
9.54901555555555,-7.220793,0,5,2,1
9.53992464646464,-7.270793,0,5,2,1
9.52982363636363,-7.320793,0,5,2,1
9.51871252525252,-7.370793,0,5,2,1
9.50709636363636,-7.420793,0,5,2,1
9.4944701010101,-7.470793,0,5,2,1
9.48133878787879,-7.520793,0,5,2,1
9.46719737373737,-7.570793,0,5,2,1
9.45255090909091,-7.620793,0,5,2,1
9.43689434343434,-7.670793,0,5,2,1
9.42073272727273,-7.720793,0,5,2,1
9.40356101010101,-7.77079299999999,0,5,2,1
9.38588424242425,-7.82079299999999,0,5,2,1
9.36770242424243,-7.870793,0,5,2,1
9.34901555555556,-7.920793,0,5,2,1
9.32982363636365,-7.97079299999999,0,5,2,1
9.30962161616163,-8.02079299999999,0,5,2,1
9.28941959595961,-8.07079299999999,0,5,2,1
9.26871252525253,-8.12079299999999,0,5,2,1
9.24750040404042,-8.17079299999999,0,5,2,1
9.22628828282829,-8.22079299999999,0,5,2,1
9.20406606060607,-8.27079299999999,0,5,2,1
9.1813387878788,-8.32079299999998,0,5,2,1
9.15810646464648,-8.37079299999998,0,5,2,1
9.13487414141415,-8.42079299999998,0,5,2,1
9.11113676767678,-8.47079299999998,0,5,2,1
9.08638929292931,-8.52079299999998,0,5,2,1
9.06164181818184,-8.57079299999998,0,5,2,1
9.03689434343436,-8.62079299999998,0,5,2,1
9.01164181818184,-8.67079299999998,0,5,2,1
8.98638929292931,-8.72079299999998,0,5,2,1
8.96012666666669,-8.77079299999998,0,5,2,1
8.93335898989901,-8.82079299999998,0,5,2,1
8.90608626262628,-8.87079299999998,0,5,2,1
8.87881353535356,-8.92079299999998,0,5,2,1
8.85103575757578,-8.97079299999999,0,5,2,1
8.82275292929295,-9.02079299999999,0,5,2,1
8.79396505050507,-9.07079299999999,0,5,2,1
8.7651771717172,-9.12079299999999,0,5,2,1
8.73588424242427,-9.17079299999999,0,5,2,1
8.70608626262629,-9.22079299999999,0,5,2,1
8.67628828282831,-9.27079299999999,0,5,2,1
8.64548020202023,-9.32079299999999,0,5,2,1
8.61467212121215,-9.370793,0,5,2,1
8.58335898989901,-9.420793,0,5,2,1
8.55154080808083,-9.47079299999999,0,5,2,1
8.51972262626265,-9.52079299999999,0,5,2,1
8.48739939393942,-9.57079299999999,0,5,2,1
8.45406606060608,-9.620793,0,5,2,1
8.4202276767677,-9.670793,0,5,2,1
8.38638929292931,-9.720793,0,5,2,1
8.35204585858588,-9.770793,0,5,2,1
8.31719737373739,-9.820793,0,5,2,1
8.28184383838386,-9.870793,0,5,2,1
8.24649030303032,-9.920793,0,5,2,1
8.21063171717174,-9.970793,0,5,2,1
8.17477313131315,-10.020793,0,5,2,1
8.13840949494952,-10.070793,0,5,2,1
8.10204585858588,-10.120793,0,5,2,1
8.06517717171719,-10.170793,0,5,2,1
8.0283084848485,-10.220793,0,5,2,1
7.99143979797982,-10.270793,0,5,2,1
7.95457111111113,-10.320793,0,5,2,1
7.91820747474749,-10.370793,0,5,2,1
7.88184383838385,-10.420793,0,5,2,1
7.84598525252527,-10.470793,0,5,2,1
7.80962161616163,-10.520793,0,5,2,1
7.77376303030304,-10.570793,0,5,2,1
7.73790444444445,-10.620793,0,5,2,1
7.70255090909091,-10.670793,0,5,2,1
7.66770242424243,-10.720793,0,5,2,1
7.63335898989899,-10.770793,0,5,2,1
7.59901555555556,-10.820793,0,5,2,1
7.56467212121212,-10.870793,0,5,2,1
7.53083373737374,-10.920793,0,5,2,1
7.4975004040404,-10.970793,0,5,2,1
7.46467212121212,-11.020793,0,5,2,1
7.43234888888889,-11.070793,0,5,2,1
7.40002565656566,-11.120793,0,5,2,1
7.36820747474748,-11.170793,0,5,2,1
7.33689434343434,-11.220793,0,5,2,1
7.30558121212121,-11.270793,0,5,2,1
7.27477313131313,-11.320793,0,5,2,1
7.2444701010101,-11.370793,0,5,2,1
7.21467212121211,-11.420793,0,5,2,1
7.18487414141413,-11.470793,0,5,2,1
7.15507616161616,-11.520793,0,5,2,1
7.12578323232322,-11.570793,0,5,2,1
7.09699535353535,-11.620793,0,5,2,1
7.06871252525252,-11.670793,0,5,2,1
7.04093474747474,-11.720793,0,5,2,1
7.01366202020201,-11.770793,0,5,2,1
6.98689434343433,-11.820793,0,5,2,1
6.96063171717171,-11.870793,0,5,2,1
6.93436909090908,-11.920793,0,5,2,1
6.9086115151515,-11.970793,0,5,2,1
6.88335898989897,-12.020793,0,5,2,1
6.8586115151515,-12.070793,0,5,2,1
6.83386404040403,-12.120793,0,5,2,1
6.8096216161616,-12.170793,0,5,2,1
6.78588424242422,-12.220793,0,5,2,1
6.7626519191919,-12.270793,0,5,2,1
6.73941959595958,-12.320793,0,5,2,1
6.71618727272726,-12.370793,0,5,2,1
6.69345999999998,-12.420793,0,5,2,1
6.67123777777776,-12.470793,0,5,2,1
6.64952060606059,-12.520793,0,5,2,1
6.62830848484847,-12.570793,0,5,2,1
6.6076014141414,-12.620793,0,5,2,1
6.58689434343433,-12.670793,0,5,2,1
6.56669232323231,-12.720793,0,5,2,1
6.54699535353534,-12.770793,0,5,2,1
6.52780343434342,-12.820793,0,5,2,1
6.5086115151515,-12.870793,0,5,2,1
6.49042969696968,-12.920793,0,5,2,1
6.47224787878786,-12.970793,0,5,2,1
6.45406606060604,-13.020793,0,5,2,1
6.43638929292928,-13.070793,0,5,2,1
6.41921757575756,-13.120793,0,5,2,1
6.40204585858584,-13.170793,0,5,2,1
6.38537919191917,-13.220793,0,5,2,1
6.36921757575755,-13.270793,0,5,2,1
6.35356101010099,-13.320793,0,5,2,1
6.33840949494948,-13.370793,0,5,2,1
6.32376303030301,-13.420793,0,5,2,1
6.3096216161616,-13.470793,0,5,2,1
6.29548020202018,-13.520793,0,5,2,1
6.28133878787877,-13.570793,0,5,2,1
6.26770242424241,-13.620793,0,5,2,1
6.25406606060604,-13.670793,0,5,2,1
6.24093474747473,-13.720793,0,5,2,1
6.22830848484847,-13.770793,0,5,2,1
6.21618727272726,-13.820793,0,5,2,1
6.20406606060604,-13.870793,0,5,2,1
6.19244989898988,-13.920793,0,5,2,1
6.18083373737372,-13.970793,0,5,2,1
6.16972262626261,-14.020793,0,5,2,1
6.1586115151515,-14.070793,0,5,2,1
6.14851050505049,-14.120793,0,5,2,1
6.13891454545453,-14.170793,0,5,2,1
6.12931858585857,-14.220793,0,5,2,1
6.12022767676766,-14.270793,0,5,2,1
6.11113676767675,-14.320793,0,5,2,1
6.10255090909089,-14.370793,0,5,2,1
6.09447010101008,-14.420793,0,5,2,1
6.08638929292928,-14.470793,0,5,2,1
6.07881353535352,-14.520793,0,5,2,1
6.07174282828281,-14.570793,0,5,2,1
6.06517717171716,-14.620793,0,5,2,1
6.0586115151515,-14.670793,0,5,2,1
6.05255090909089,-14.720793,0,5,2,1
6.04750040404039,-14.770793,0,5,2,1
6.04295494949493,-14.820793,0,5,2,1
6.03840949494948,-14.870793,0,5,2,1
6.03436909090907,-14.920793,0,5,2,1
6.03032868686867,-14.970793,0,5,2,1
6.02679333333332,-15.020793,0,5,2,1
6.02376303030301,-15.070793,0,5,2,1
6.02123777777776,-15.120793,0,5,2,1
6.01921757575756,-15.170793,0,5,2,1
6.01770242424241,-15.220793,0,5,2,1
6.01618727272725,-15.270793,0,5,2,1
6.0146721212121,-15.320793,0,5,2,1
6.01315696969695,-15.370793,0,5,2,1
6.01164181818179,-15.420793,0,5,2,1
6.01063171717169,-15.470793,0,5,2,1
6.00962161616159,-15.520793,0,5,2,1
6.00911656565654,-15.570793,0,5,2,1
6.00861151515149,-15.620793,0,5,2,1
6.00810646464644,-15.670793,0,5,2,1
6.0076014141414,-15.720793,0,5,2,1
6.0076014141414,-15.770793,0,5,2,1
6.0076014141414,-15.820793,0,5,2,1
6.00810646464645,-15.870793,0,5,2,1
6.0086115151515,-15.920793,0,5,2,1
6.00911656565655,-15.970793,0,5,2,1
6.0096216161616,-16.020793,0,5,2,1
6.0106317171717,-16.070793,0,5,2,1
6.01214686868685,-16.120793,0,5,2,1
6.013662020202,-16.170793,0,5,2,1
6.01517717171715,-16.220793,0,5,2,1
6.01669232323231,-16.270793,0,5,2,1
6.01820747474746,-16.320793,0,5,2,1
6.02022767676766,-16.370793,0,5,2,1
6.02275292929291,-16.420793,0,5,2,1
6.02527818181816,-16.470793,0,5,2,1
6.02780343434342,-16.520793,0,5,2,1
6.03083373737372,-16.570793,0,5,2,1
6.03386404040402,-16.620793,0,5,2,1
6.03689434343433,-16.670793,0,5,2,1
6.03992464646463,-16.720793,0,5,2,1
6.04345999999999,-16.770793,0,5,2,1
6.04699535353534,-16.820793,0,5,2,1
6.05103575757574,-16.870793,0,5,2,1
6.05507616161615,-16.920793,0,5,2,1
6.0596216161616,-16.970793,0,5,2,1
6.06416707070706,-17.020793,0,5,2,1
6.06871252525251,-17.070793,0,5,2,1
6.07325797979796,-17.120793,0,5,2,1
6.07780343434342,-17.170793,0,5,2,1
6.08285393939393,-17.220793,0,5,2,1
6.08840949494948,-17.270793,0,5,2,1
6.09396505050504,-17.320793,0,5,2,1
6.09952060606059,-17.370793,0,5,2,1
6.1055812121212,-17.420793,0,5,2,1
6.11164181818181,-17.470793,0,5,2,1
6.11770242424241,-17.520793,0,5,2,1
6.12376303030302,-17.570793,0,5,2,1
6.13083373737373,-17.620793,0,5,2,1
6.13790444444443,-17.670793,0,5,2,1
6.14497515151514,-17.720793,0,5,2,1
6.15204585858585,-17.770793,0,5,2,1
6.15962161616161,-17.820793,0,5,2,1
6.16669232323231,-17.870793,0,5,2,1
6.17426808080807,-17.920793,0,5,2,1
6.18184383838383,-17.970793,0,5,2,1
6.18992464646464,-18.020793,0,5,2,1
6.19800545454544,-18.070793,0,5,2,1
6.20608626262625,-18.120793,0,5,2,1
6.21416707070706,-18.170793,0,5,2,1
6.22275292929292,-18.220793,0,5,2,1
6.23133878787878,-18.270793,0,5,2,1
6.23941959595959,-18.320793,0,5,2,1
6.2475004040404,-18.370793,0,5,2,1
6.25608626262625,-18.420793,0,5,2,1
6.26467212121211,-18.470793,0,5,2,1
6.27325797979797,-18.520793,0,5,2,1
6.28184383838383,-18.570793,0,5,2,1
6.29093474747474,-18.620793,0,5,2,1
6.30002565656565,-18.670793,0,5,2,1
6.30911656565656,-18.720793,0,5,2,1
6.31820747474747,-18.770793,0,5,2,1
6.32780343434343,-18.820793,0,5,2,1
6.33739939393938,-18.870793,0,5,2,1
6.34699535353534,-18.920793,0,5,2,1
6.3565913131313,-18.970793,0,5,2,1
6.36669232323232,-19.020793,0,5,2,1
6.37628828282828,-19.070793,0,5,2,1
6.38588424242424,-19.120793,0,5,2,1
6.3954802020202,-19.170793,0,5,2,1
6.40507616161616,-19.220793,0,5,2,1
6.41467212121212,-19.270793,0,5,2,1
6.42426808080808,-19.320793,0,5,2,1
6.43386404040404,-19.370793,0,5,2,1
6.44346,-19.420793,0,5,2,1
6.45356101010101,-19.470793,0,5,2,1
6.46366202020202,-19.520793,0,5,2,1
6.47376303030303,-19.570793,0,5,2,1
6.48386404040404,-19.620793,0,5,2,1
6.49396505050505,-19.670793,0,5,2,1
6.50356101010101,-19.720793,0,5,2,1
6.51315696969697,-19.770793,0,5,2,1
6.52275292929293,-19.820793,0,5,2,1
6.53234888888888,-19.870793,0,5,2,1
6.54194484848484,-19.920793,0,5,2,1
6.55204585858586,-19.970793,0,5,2,1
6.56214686868687,-20.020793,0,5,2,1
6.57224787878788,-20.070793,0,5,2,1
6.58184383838384,-20.120793,0,5,2,1
6.5914397979798,-20.170793,0,5,2,1
6.60103575757576,-20.220793,0,5,2,1
6.61063171717172,-20.270793,0,5,2,1
6.62022767676768,-20.320793,0,5,2,1
6.62982363636364,-20.370793,0,5,2,1
6.6394195959596,-20.420793,0,5,2,1
6.64901555555556,-20.470793,0,5,2,1
6.65760141414142,-20.520793,0,5,2,1
6.66618727272728,-20.570793,0,5,2,1
6.67477313131314,-20.620793,0,5,2,1
6.68285393939394,-20.670793,0,5,2,1
6.6904296969697,-20.720793,0,5,2,1
6.69800545454546,-20.770793,0,5,2,1
6.70457111111111,-20.820793,0,5,2,1
6.71063171717172,-20.870793,0,5,2,1
6.71669232323232,-20.920793,0,5,2,1
6.72224787878788,-20.970793,0,5,2,1
6.72729838383839,-21.020793,0,5,2,1
6.73133878787879,-21.070793,0,5,2,1
6.73487414141414,-21.120793,0,5,2,1
6.73790444444445,-21.1702879494949,0,5,2,1
6.7404296969697,-21.2197828989899,0,5,2,1
6.74244989898991,-21.2692778484848,0,5,2,1
6.74346,-21.3182677474747,0,5,2,1
6.74396505050506,-21.3672576464646,0,5,2,1
6.74396505050506,-21.4162475454545,0,5,2,1
6.74346,-21.4647323939394,0,5,2,1
6.74194484848485,-21.5127121919192,0,5,2,1
6.73992464646465,-21.560691989899,0,5,2,1
6.73739939393939,-21.6086717878788,0,5,2,1
6.73436909090909,-21.6561465353535,0,5,2,1
6.73032868686869,-21.7036212828283,0,5,2,1
6.72578323232323,-21.751096030303,0,5,2,1
6.72073272727272,-21.7980657272727,0,5,2,1
6.71517717171717,-21.8450354242424,0,5,2,1
6.70861151515151,-21.8915000707071,0,5,2,1
6.70154080808081,-21.9379647171717,0,5,2,1
6.69396505050505,-21.9839243131313,0,5,2,1
6.68588424242424,-22.0298839090909,0,5,2,1
6.67729838383838,-22.0753384545455,0,5,2,1
6.66770242424242,-22.1202879494949,0,5,2,1
6.65760141414141,-22.1647323939394,0,5,2,1
6.64699535353535,-22.2086717878788,0,5,2,1
6.63588424242424,-22.2521061313131,0,5,2,1
6.62376303030303,-22.2950354242424,0,5,2,1
6.61113676767676,-22.3374596666667,0,5,2,1
6.59800545454545,-22.3793788585859,0,5,2,1
6.58436909090909,-22.420793,0,5,2,1
6.56972262626262,-22.4617020909091,0,5,2,1
6.55457111111111,-22.5021061313131,0,5,2,1
6.53891454545454,-22.5420051212121,0,5,2,1
6.52275292929293,-22.5813990606061,0,5,2,1
6.50558121212121,-22.620287949495,0,5,2,1
6.48790444444444,-22.6586717878788,0,5,2,1
6.46972262626262,-22.6965505757576,0,5,2,1
6.45103575757575,-22.7339243131313,0,5,2,1
6.43133878787878,-22.770793,0,5,2,1
6.41113676767676,-22.8071566363636,0,5,2,1
6.39042969696968,-22.8430152222222,0,5,2,1
6.36921757575757,-22.8783687575758,0,5,2,1
6.34699535353534,-22.9132172424242,0,5,2,1
6.32426808080807,-22.9475606767677,0,5,2,1
6.30103575757574,-22.9813990606061,0,5,2,1
6.27729838383837,-23.0147323939394,0,5,2,1
6.25255090909089,-23.0475606767677,0,5,2,1
6.22729838383836,-23.0798839090909,0,5,2,1
6.20154080808079,-23.1117020909091,0,5,2,1
6.17527818181816,-23.1425101717172,0,5,2,1
6.14800545454544,-23.1723081515152,0,5,2,1
6.12022767676766,-23.2016010808081,0,5,2,1
6.09194484848483,-23.2298839090909,0,5,2,1
6.06315696969695,-23.2576616868687,0,5,2,1
6.03335898989897,-23.2844293636364,0,5,2,1
6.00305595959594,-23.310691989899,0,5,2,1
5.97224787878786,-23.3359445151515,0,5,2,1
5.94093474747473,-23.3601869393939,0,5,2,1
5.9086115151515,-23.3839243131313,0,5,2,1
5.87578323232322,-23.4066515858586,0,5,2,1
5.84244989898989,-23.4283687575758,0,5,2,1
5.8086115151515,-23.4490758282828,0,5,2,1
5.77426808080807,-23.4687727979798,0,5,2,1
5.73941959595958,-23.4874596666667,0,5,2,1
5.7045711111111,-23.5051364343434,0,5,2,1
5.66921757575757,-23.5218031010101,0,5,2,1
5.63335898989898,-23.5374596666667,0,5,2,1
5.59699535353535,-23.5521061313131,0,5,2,1
5.56012666666666,-23.5657424949495,0,5,2,1
5.52275292929293,-23.5783687575757,0,5,2,1
5.48537919191919,-23.5899849191919,0,5,2,1
5.4475004040404,-23.600590979798,0,5,2,1
5.40962161616162,-23.6101869393939,0,5,2,1
5.37123777777778,-23.6187727979798,0,5,2,1
5.33234888888889,-23.6263485555555,0,5,2,1
5.29346,-23.6329142121212,0,5,2,1
5.25406606060607,-23.6384697676767,0,5,2,1
5.21416707070708,-23.6430152222222,0,5,2,1
5.17376303030304,-23.6465505757576,0,5,2,1
5.13285393939395,-23.6490758282828,0,5,2,1
5.09194484848486,-23.650590979798,0,5,2,1
5.05103575757577,-23.651096030303,0,5,2,1
5.01012666666668,-23.650590979798,0,5,2,1
4.96871252525254,-23.6490758282828,0,5,2,1
4.9272983838384,-23.6465505757576,0,5,2,1
4.88537919191921,-23.6430152222222,0,5,2,1
4.84346000000002,-23.6384697676767,0,5,2,1
4.80154080808083,-23.6329142121212,0,5,2,1
4.75962161616164,-23.6263485555555,0,5,2,1
4.71770242424244,-23.6187727979798,0,5,2,1
4.67527818181821,-23.6101869393939,0,5,2,1
4.63335898989901,-23.6005909797979,0,5,2,1
4.59194484848488,-23.5899849191919,0,5,2,1
4.55053070707074,-23.5783687575757,0,5,2,1
4.50911656565659,-23.5657424949495,0,5,2,1
4.4682074747475,-23.5521061313131,0,5,2,1
4.42729838383841,-23.5374596666666,0,5,2,1
4.38689434343437,-23.5218031010101,0,5,2,1
4.34699535353537,-23.5051364343434,0,5,2,1
4.30709636363638,-23.4874596666666,0,5,2,1
4.26770242424245,-23.4687727979798,0,5,2,1
4.22881353535355,-23.4495808787879,0,5,2,1
4.19042969696971,-23.4293788585858,0,5,2,1
4.15255090909092,-23.4081667373737,0,5,2,1
4.11517717171719,-23.3864495656565,0,5,2,1
4.0783084848485,-23.3637222929293,0,5,2,1
4.04143979797981,-23.3399849191919,0,5,2,1
4.00507616161618,-23.3157424949495,0,5,2,1
3.96921757575759,-23.290995020202,0,5,2,1
3.93386404040405,-23.2652374444444,0,5,2,1
3.89901555555556,-23.2384697676767,0,5,2,1
3.86467212121213,-23.211197040404,0,5,2,1
3.83083373737374,-23.1829142121212,0,5,2,1
3.79750040404041,-23.1536212828283,0,5,2,1
3.76416707070708,-23.1238233030303,0,5,2,1
3.7313387878788,-23.0930152222222,0,5,2,1
3.69901555555557,-23.0617020909091,0,5,2,1
3.66719737373738,-23.0293788585859,0,5,2,1
3.63588424242425,-22.9965505757576,0,5,2,1
3.60457111111112,-22.9627121919192,0,5,2,1
3.57376303030304,-22.9283687575758,0,5,2,1
3.54346,-22.8935202727273,0,5,2,1
3.51366202020203,-22.8581667373737,0,5,2,1
3.4843690909091,-22.8223081515152,0,5,2,1
3.45558121212122,-22.7859445151515,0,5,2,1
3.42729838383839,-22.7490758282828,0,5,2,1
3.39901555555556,-22.7117020909091,0,5,2,1
3.37123777777778,-22.6738233030303,0,5,2,1
3.34396505050506,-22.6354394646465,0,5,2,1
3.31719737373738,-22.5965505757576,0,5,2,1
3.29093474747475,-22.5571566363637,0,5,2,1
3.26517717171718,-22.5172576464647,0,5,2,1
3.23992464646465,-22.4768536060606,0,5,2,1
3.21467212121212,-22.4359445151515,0,5,2,1
3.18992464646465,-22.3945303737374,0,5,2,1
3.16568222222222,-22.3526111818182,0,5,2,1
3.14194484848485,-22.310186939394,0,5,2,1
3.11820747474748,-22.2672576464647,0,5,2,1
3.09497515151516,-22.2238233030303,0,5,2,1
3.07224787878788,-22.1798839090909,0,5,2,1
3.05002565656566,-22.1354394646465,0,5,2,1
3.02830848484849,-22.090489969697,0,5,2,1
3.00709636363637,-22.0450354242424,0,5,2,1
2.9863892929293,-21.9990758282828,0,5,2,1
2.96568222222222,-21.9526111818182,0,5,2,1
2.9454802020202,-21.9056414848485,0,5,2,1
2.92578323232323,-21.8581667373738,0,5,2,1
2.90659131313131,-21.810186939394,0,5,2,1
2.88790444444444,-21.7622071414142,0,5,2,1
2.86972262626262,-21.7142273434344,0,5,2,1
2.8515408080808,-21.6657424949495,0,5,2,1
2.83386404040404,-21.6172576464647,0,5,2,1
2.81669232323232,-21.5682677474748,0,5,2,1
2.80002565656565,-21.5192778484849,0,5,2,1
2.78335898989898,-21.4697828989899,0,5,2,1
2.76719737373737,-21.420287949495,0,5,2,1
2.7515408080808,-21.370793,0,5,2,1
2.73638929292928,-21.320793,0,5,2,1
2.72174282828282,-21.270793,0,5,2,1
2.70709636363636,-21.220793,0,5,2,1
2.69295494949494,-21.170793,0,5,2,1
2.67931858585858,-21.120793,0,5,2,1
2.66618727272726,-21.070793,0,5,2,1
2.65305595959595,-21.020793,0,5,2,1
2.64042969696969,-20.970793,0,5,2,1
2.62780343434343,-20.920793,0,5,2,1
2.61517717171716,-20.870793,0,5,2,1
2.60305595959595,-20.820793,0,5,2,1
2.59143979797979,-20.770793,0,5,2,1
2.57931858585858,-20.720793,0,5,2,1
2.56770242424241,-20.670793,0,5,2,1
2.55608626262625,-20.620793,0,5,2,1
2.54497515151514,-20.570793,0,5,2,1
2.53436909090908,-20.520793,0,5,2,1
2.52376303030302,-20.470793,0,5,2,1
2.51366202020201,-20.420793,0,5,2,1
2.503561010101,-20.370793,0,5,2,1
2.49396505050504,-20.320793,0,5,2,1
2.48487414141413,-20.270793,0,5,2,1
2.47578323232323,-20.220793,0,5,2,1
2.46618727272726,-20.170793,0,5,2,1
2.4565913131313,-20.120793,0,5,2,1
2.44750040404039,-20.070793,0,5,2,1
2.43840949494948,-20.020793,0,5,2,1
2.42982363636362,-19.970793,0,5,2,1
2.42123777777776,-19.920793,0,5,2,1
2.4126519191919,-19.870793,0,5,2,1
2.40457111111109,-19.820793,0,5,2,1
2.39649030303028,-19.770793,0,5,2,1
2.38891454545453,-19.720793,0,5,2,1
2.38083373737372,-19.670793,0,5,2,1
2.37275292929291,-19.620793,0,5,2,1
2.36467212121211,-19.570793,0,5,2,1
2.35709636363635,-19.520793,0,5,2,1
2.3495206060606,-19.470793,0,5,2,1
2.34194484848484,-19.420793,0,5,2,1
2.33436909090908,-19.370793,0,5,2,1
2.32679333333333,-19.320793,0,5,2,1
2.31972262626262,-19.270793,0,5,2,1
2.31265191919191,-19.220793,0,5,2,1
2.30507616161615,-19.170793,0,5,2,1
2.29750040404039,-19.120793,0,5,2,1
2.28992464646463,-19.070793,0,5,2,1
2.28234888888887,-19.020793,0,5,2,1
2.27477313131311,-18.970793,0,5,2,1
2.2677024242424,-18.920793,0,5,2,1
2.26063171717169,-18.870793,0,5,2,1
2.25356101010099,-18.820793,0,5,2,1
2.24649030303028,-18.770793,0,5,2,1
2.23941959595957,-18.720793,0,5,2,1
2.23234888888887,-18.670793,0,5,2,1
2.22477313131311,-18.620793,0,5,2,1
2.21719737373736,-18.570793,0,5,2,1
2.21012666666665,-18.520793,0,5,2,1
2.20305595959594,-18.470793,0,5,2,1
2.19598525252524,-18.420793,0,5,2,1
2.18891454545453,-18.370793,0,5,2,1
2.18184383838383,-18.320793,0,5,2,1
2.17527818181817,-18.270793,0,5,2,1
2.16871252525251,-18.220793,0,5,2,1
2.16214686868686,-18.170793,0,5,2,1
2.1555812121212,-18.120793,0,5,2,1
2.14901555555554,-18.070793,0,5,2,1
2.14244989898988,-18.020793,0,5,2,1
2.13588424242423,-17.970793,0,5,2,1
2.12982363636362,-17.920793,0,5,2,1
2.12376303030301,-17.870793,0,5,2,1
2.11820747474746,-17.820793,0,5,2,1
2.1126519191919,-17.770793,0,5,2,1
2.10709636363634,-17.720793,0,5,2,1
2.10154080808079,-17.670793,0,5,2,1
2.09598525252523,-17.620793,0,5,2,1
2.09093474747472,-17.570793,0,5,2,1
2.08588424242422,-17.520793,0,5,2,1
2.08083373737371,-17.470793,0,5,2,1
2.07628828282826,-17.420793,0,5,2,1
2.07224787878786,-17.370793,0,5,2,1
2.06820747474746,-17.320793,0,5,2,1
2.06416707070706,-17.270793,0,5,2,1
2.0596216161616,-17.220793,0,5,2,1
2.05507616161615,-17.170793,0,5,2,1
2.05053070707069,-17.120793,0,5,2,1
2.04598525252524,-17.070793,0,5,2,1
2.04194484848483,-17.020793,0,5,2,1
2.03790444444443,-16.970793,0,5,2,1
2.03386404040402,-16.920793,0,5,2,1
2.02982363636362,-16.870793,0,5,2,1
2.02578323232322,-16.820793,0,5,2,1
2.02174282828281,-16.770793,0,5,2,1
2.01820747474746,-16.720793,0,5,2,1
2.01467212121211,-16.670793,0,5,2,1
2.01113676767675,-16.620793,0,5,2,1
2.0076014141414,-16.570793,0,5,2,1
2.0045711111111,-16.520793,0,5,2,1
2.00103575757575,-16.470793,0,5,2,1
1.9975004040404,-16.420793,0,5,2,1
1.99396505050504,-16.370793,0,5,2,1
1.99042969696969,-16.320793,0,5,2,1
1.98689434343434,-16.270793,0,5,2,1
1.98335898989898,-16.220793,0,5,2,1
1.97931858585858,-16.170793,0,5,2,1
1.97527818181818,-16.120793,0,5,2,1
1.97073272727272,-16.070793,0,5,2,1
1.96568222222222,-16.020793,0,5,2,1
1.96113676767676,-15.970793,0,5,2,1
1.95608626262626,-15.920793,0,5,2,1
1.9505307070707,-15.870793,0,5,2,1
1.94447010101009,-15.8212980505051,0,5,2,1
1.93840949494949,-15.7723081515152,0,5,2,1
1.93184383838383,-15.7233182525253,0,5,2,1
1.92477313131312,-15.6743283535354,0,5,2,1
1.91719737373736,-15.6258435050505,0,5,2,1
1.90911656565656,-15.5773586565657,0,5,2,1
1.9005307070707,-15.5288738080808,0,5,2,1
1.89143979797979,-15.480388959596,0,5,2,1
1.88184383838383,-15.4324091616162,0,5,2,1
1.87174282828282,-15.3844293636364,0,5,2,1
1.86113676767676,-15.3364495656566,0,5,2,1
1.85002565656565,-15.2889748181818,0,5,2,1
1.83891454545453,-15.2415000707071,0,5,2,1
1.82729838383837,-15.1945303737374,0,5,2,1
1.81517717171716,-15.1475606767677,0,5,2,1
1.8025509090909,-15.101096030303,0,5,2,1
1.78941959595958,-15.0546313838384,0,5,2,1
1.77578323232322,-15.0086717878788,0,5,2,1
1.7616418181818,-14.9632172424242,0,5,2,1
1.74699535353534,-14.9177626969697,0,5,2,1
1.73184383838383,-14.8728132020202,0,5,2,1
1.71618727272726,-14.8283687575757,0,5,2,1
1.7005307070707,-14.7844293636363,0,5,2,1
1.68436909090908,-14.740995020202,0,5,2,1
1.66770242424242,-14.6975606767677,0,5,2,1
1.6505307070707,-14.6546313838384,0,5,2,1
1.63285393939393,-14.6122071414141,0,5,2,1
1.61467212121212,-14.5697828989899,0,5,2,1
1.59598525252525,-14.5278637070707,0,5,2,1
1.57679333333333,-14.4859445151515,0,5,2,1
1.55709636363636,-14.4445303737374,0,5,2,1
1.53689434343434,-14.4036212828283,0,5,2,1
1.51669232323232,-14.3627121919192,0,5,2,1
1.49598525252525,-14.3223081515151,0,5,2,1
1.47477313131313,-14.2819041111111,0,5,2,1
1.45305595959596,-14.2415000707071,0,5,2,1
1.43083373737374,-14.2016010808081,0,5,2,1
1.40810646464647,-14.1617020909091,0,5,2,1
1.38487414141415,-14.1223081515151,0,5,2,1
1.36113676767678,-14.0829142121212,0,5,2,1
1.33689434343435,-14.0440253232323,0,5,2,1
1.31214686868688,-14.0051364343434,0,5,2,1
1.28689434343435,-13.9667525959596,0,5,2,1
1.26164181818183,-13.9283687575758,0,5,2,1
1.23588424242425,-13.8899849191919,0,5,2,1
1.20962161616163,-13.8521061313131,0,5,2,1
1.18285393939395,-13.8142273434344,0,5,2,1
1.15558121212123,-13.7763485555556,0,5,2,1
1.12780343434345,-13.7384697676768,0,5,2,1
1.09952060606062,-13.700590979798,0,5,2,1
1.07123777777779,-13.6627121919192,0,5,2,1
1.04244989898991,-13.6248334040404,0,5,2,1
1.01315696969699,-13.5869546161616,0,5,2,1
0.983358989899006,-13.5490758282828,0,5,2,1
0.953561010101028,-13.5111970404041,0,5,2,1
0.923257979797997,-13.4733182525253,0,5,2,1
0.892449898989918,-13.4354394646465,0,5,2,1
0.861641818181837,-13.3975606767677,0,5,2,1
0.830328686868706,-13.3596818888889,0,5,2,1
0.798510505050524,-13.3218031010101,0,5,2,1
0.766187272727294,-13.2839243131313,0,5,2,1
0.733358989899012,-13.2460455252525,0,5,2,1
0.700530707070728,-13.2081667373737,0,5,2,1
0.667702424242446,-13.170287949495,0,5,2,1
0.634369090909113,-13.1324091616162,0,5,2,1
0.601035757575781,-13.0945303737374,0,5,2,1
0.567702424242448,-13.0566515858586,0,5,2,1
0.533358989899012,-13.0187727979798,0,5,2,1
0.499015555555577,-12.980894010101,0,5,2,1
0.464672121212141,-12.9430152222222,0,5,2,1
0.429823636363654,-12.9051364343434,0,5,2,1
0.395480202020218,-12.8672576464647,0,5,2,1
0.361136767676784,-12.8293788585859,0,5,2,1
0.326288282828298,-12.7915000707071,0,5,2,1
0.291439797979812,-12.7536212828283,0,5,2,1
0.256591313131326,-12.7157424949495,0,5,2,1
0.221237777777789,-12.6778637070707,0,5,2,1
0.185884242424253,-12.6399849191919,0,5,2,1
0.150530707070716,-12.6021061313131,0,5,2,1
0.114672121212131,-12.5642273434344,0,5,2,1
0.0788135353535431,-12.5263485555556,0,5,2,1
0.0429549494949573,-12.4884697676768,0,5,2,1
0.00709636363637145,-12.450590979798,0,5,2,1
-0.0292672727272674,-12.4127121919192,0,5,2,1
-0.0656309090909044,-12.3748334040404,0,5,2,1
-0.101994545454541,-12.3369546161616,0,5,2,1
-0.138358181818177,-12.2990758282828,0,5,2,1
-0.174721818181814,-12.2611970404041,0,5,2,1
-0.211085454545453,-12.2233182525253,0,5,2,1
-0.247954141414139,-12.1854394646465,0,5,2,1
-0.284317777777774,-12.1475606767677,0,5,2,1
-0.32068141414141,-12.1096818888889,0,5,2,1
-0.357045050505048,-12.0718031010101,0,5,2,1
-0.393408686868685,-12.0339243131313,0,5,2,1
-0.429267272727271,-11.9960455252525,0,5,2,1
-0.465125858585855,-11.9581667373737,0,5,2,1
-0.500984444444443,-11.920287949495,0,5,2,1
-0.536337979797977,-11.8824091616162,0,5,2,1
-0.571691515151512,-11.8445303737374,0,5,2,1
-0.606539999999999,-11.8061465353535,0,5,2,1
-0.640883434343433,-11.7672576464647,0,5,2,1
-0.675226868686867,-11.7283687575758,0,5,2,1
-0.709065252525249,-11.6894798686869,0,5,2,1
-0.742398585858584,-11.6500859292929,0,5,2,1
-0.775226868686866,-11.610691989899,0,5,2,1
-0.807550101010099,-11.5712980505051,0,5,2,1
-0.83936828282828,-11.5319041111111,0,5,2,1
-0.87068141414141,-11.4920051212121,0,5,2,1
-0.90199454545454,-11.4521061313131,0,5,2,1
-0.932802626262621,-11.4122071414141,0,5,2,1
-0.96310565656565,-11.3718031010101,0,5,2,1
-0.99290363636363,-11.3313990606061,0,5,2,1
-1.02219656565656,-11.290489969697,0,5,2,1
-1.05098444444444,-11.2495808787879,0,5,2,1
-1.07977232323232,-11.2081667373737,0,5,2,1
-1.10805515151515,-11.1667525959596,0,5,2,1
-1.13583292929293,-11.1248334040404,0,5,2,1
-1.16310565656565,-11.0824091616162,0,5,2,1
-1.18987333333333,-11.0399849191919,0,5,2,1
-1.21613595959596,-10.9970556262626,0,5,2,1
-1.24189353535353,-10.9536212828283,0,5,2,1
-1.26714606060606,-10.9096818888889,0,5,2,1
-1.29189353535354,-10.8652374444444,0,5,2,1
-1.31563090909091,-10.820793,0,5,2,1
-1.33835818181818,-10.7758435050505,0,5,2,1
-1.3605804040404,-10.7303889595959,0,5,2,1
-1.38179252525253,-10.6849344141414,0,5,2,1
-1.4024995959596,-10.6389748181818,0,5,2,1
-1.42219656565657,-10.5930152222222,0,5,2,1
-1.44138848484849,-10.5465505757576,0,5,2,1
-1.4595703030303,-10.4995808787879,0,5,2,1
-1.47674202020202,-10.4526111818182,0,5,2,1
-1.49340868686869,-10.4051364343434,0,5,2,1
-1.5095703030303,-10.3576616868687,0,5,2,1
-1.52472181818182,-10.3101869393939,0,5,2,1
-1.53886323232323,-10.2622071414141,0,5,2,1
-1.5524995959596,-10.2142273434343,0,5,2,1
-1.56512585858586,-10.1657424949495,0,5,2,1
-1.57724707070707,-10.1172576464646,0,5,2,1
-1.58835818181818,-10.0682677474747,0,5,2,1
-1.59845919191919,-10.0192778484848,0,5,2,1
-1.6075501010101,-9.96978289898989,0,5,2,1
-1.61563090909091,-9.92028794949494,0,5,2,1
-1.62320666666667,-9.870793,0,5,2,1
-1.62977232323232,-9.820793,0,5,2,1
-1.63583292929293,-9.770793,0,5,2,1
-1.64088343434343,-9.720793,0,5,2,1
-1.64492383838384,-9.670793,0,5,2,1
-1.64795414141414,-9.620793,0,5,2,1
-1.6504793939394,-9.570793,0,5,2,1
-1.65199454545455,-9.520793,0,5,2,1
-1.65300464646465,-9.47079300000001,0,5,2,1
-1.65300464646465,-9.42079300000001,0,5,2,1
-1.6524995959596,-9.37079300000001,0,5,2,1
-1.65098444444445,-9.32079300000001,0,5,2,1
-1.64896424242424,-9.27079300000001,0,5,2,1
-1.64643898989899,-9.22079300000001,0,5,2,1
-1.64340868686869,-9.17079300000001,0,5,2,1
-1.63987333333333,-9.12079300000002,0,5,2,1
-1.63532787878788,-9.07079300000002,0,5,2,1
-1.62977232323232,-9.02079300000002,0,5,2,1
-1.62371171717171,-8.97079300000002,0,5,2,1
-1.61714606060606,-8.92079300000002,0,5,2,1
-1.6095703030303,-8.87079300000002,0,5,2,1
-1.60148949494949,-8.82079300000002,0,5,2,1
-1.59290363636363,-8.77079300000002,0,5,2,1
-1.58330767676767,-8.72079300000002,0,5,2,1
-1.57320666666666,-8.67079300000002,0,5,2,1
-1.56310565656565,-8.62079300000002,0,5,2,1
-1.55199454545454,-8.57079300000002,0,5,2,1
-1.54088343434343,-8.52079300000002,0,5,2,1
-1.52926727272727,-8.47079300000001,0,5,2,1
-1.51714606060606,-8.42079300000001,0,5,2,1
-1.50451979797979,-8.37079300000001,0,5,2,1
-1.49189353535353,-8.32079300000001,0,5,2,1
-1.47876222222222,-8.27079300000001,0,5,2,1
-1.46512585858585,-8.22079300000001,0,5,2,1
-1.45148949494949,-8.17079300000001,0,5,2,1
-1.43684303030302,-8.12079300000001,0,5,2,1
-1.42219656565656,-8.07079300000001,0,5,2,1
-1.40755010101009,-8.020793,0,5,2,1
-1.39239858585858,-7.970793,0,5,2,1
-1.37674202020201,-7.920793,0,5,2,1
-1.36108545454544,-7.870793,0,5,2,1
-1.34542888888888,-7.820793,0,5,2,1
-1.32876222222221,-7.770793,0,5,2,1
-1.31209555555554,-7.720793,0,5,2,1
-1.29492383838383,-7.670793,0,5,2,1
-1.27775212121211,-7.620793,0,5,2,1
-1.26058040404039,-7.570793,0,5,2,1
-1.24340868686867,-7.52079299999999,0,5,2,1
-1.22573191919191,-7.47079299999999,0,5,2,1
-1.20805515151514,-7.420793,0,5,2,1
-1.19088343434342,-7.370793,0,5,2,1
-1.17320666666665,-7.32079299999999,0,5,2,1
-1.15552989898988,-7.27079299999999,0,5,2,1
-1.13835818181816,-7.22079299999999,0,5,2,1
-1.12118646464645,-7.17079299999999,0,5,2,1
-1.10451979797978,-7.12079299999999,0,5,2,1
-1.08835818181816,-7.07079299999999,0,5,2,1
-1.07219656565655,-7.02079299999999,0,5,2,1
-1.05653999999998,-6.97079299999999,0,5,2,1
-1.04138848484846,-6.92129805050504,0,5,2,1
-1.026742020202,-6.87230815151514,0,5,2,1
-1.01260060606059,-6.8238233030303,0,5,2,1
-0.998964242424222,-6.7758435050505,0,5,2,1
-0.98583292929291,-6.7278637070707,0,5,2,1
-0.972701616161597,-6.680894010101,0,5,2,1
-0.960075353535334,-6.63442936363635,0,5,2,1
-0.947954141414122,-6.58846976767676,0,5,2,1
-0.93633797979796,-6.54251017171716,0,5,2,1
-0.925226868686851,-6.49756067676767,0,5,2,1
-0.914620808080791,-6.45311623232322,0,5,2,1
-0.904014747474731,-6.40917683838383,0,5,2,1
-0.893913737373721,-6.36523744444443,0,5,2,1
-0.884317777777762,-6.32180310101009,0,5,2,1
-0.875226868686852,-6.27887380808079,0,5,2,1
-0.866641010100995,-6.2369546161616,0,5,2,1
-0.858560202020186,-6.19554047474746,0,5,2,1
-0.85098444444443,-6.15513643434342,0,5,2,1
-0.843913737373724,-6.11523744444442,0,5,2,1
-0.837348080808068,-6.07584350505049,0,5,2,1
-0.831792525252514,-6.03695461616159,0,5,2,1
-0.827247070707058,-5.99907582828281,0,5,2,1
-0.823206666666655,-5.96170209090907,0,5,2,1
-0.820176363636355,-5.92533845454543,0,5,2,1
-0.817651111111102,-5.88947986868685,0,5,2,1
-0.816135959595952,-5.85412633333332,0,5,2,1
-0.815125858585851,-5.81978289898988,0,5,2,1
-0.815125858585853,-5.7859445151515,0,5,2,1
-0.816135959595956,-5.75261118181816,0,5,2,1
-0.817651111111108,-5.71978289898988,0,5,2,1
-0.819671313131311,-5.68745966666665,0,5,2,1
-0.822701616161615,-5.65564148484847,0,5,2,1
-0.826742020202021,-5.62483340404039,0,5,2,1
-0.831287474747475,-5.59453037373736,0,5,2,1
-0.836843030303033,-5.56523744444443,0,5,2,1
-0.842903636363639,-5.53644956565655,0,5,2,1
-0.849974343434345,-5.50867178787877,0,5,2,1
-0.858055151515154,-5.48139906060604,0,5,2,1
-0.867146060606064,-5.45513643434342,0,5,2,1
-0.877247070707075,-5.42988390909089,0,5,2,1
-0.887853131313134,-5.40513643434342,0,5,2,1
-0.899469292929297,-5.38139906060605,0,5,2,1
-0.91159050505051,-5.35867178787878,0,5,2,1
-0.924721818181821,-5.33644956565655,0,5,2,1
-0.938863232323236,-5.31473239393938,0,5,2,1
-0.954014747474751,-5.29402532323232,0,5,2,1
-0.970176363636368,-5.27382330303029,0,5,2,1
-0.987348080808085,-5.25463138383838,0,5,2,1
-1.00502484848485,-5.23594451515151,0,5,2,1
-1.02371171717172,-5.21826774747474,0,5,2,1
-1.04340868686869,-5.20109603030302,0,5,2,1
-1.06411575757576,-5.18442936363636,0,5,2,1
-1.08532787878788,-5.16877279797979,0,5,2,1
-1.1075501010101,-5.15362128282828,0,5,2,1
-1.13027737373738,-5.13897481818182,0,5,2,1
-1.15401474747475,-5.12483340404041,0,5,2,1
-1.17876222222223,-5.11170209090909,0,5,2,1
-1.2045197979798,-5.09958087878788,0,5,2,1
-1.23128747474748,-5.08796471717172,0,5,2,1
-1.25906525252526,-5.07685360606061,0,5,2,1
-1.28785313131314,-5.06624754545454,0,5,2,1
-1.31765111111112,-5.05665158585859,0,5,2,1
-1.3484591919192,-5.04756067676767,0,5,2,1
-1.38027737373738,-5.03897481818182,0,5,2,1
-1.41310565656566,-5.03089401010101,0,5,2,1
-1.446438989899,-5.02331825252525,0,5,2,1
-1.48078242424243,-5.01624754545454,0,5,2,1
-1.51563090909092,-5.01018693939394,0,5,2,1
-1.5514894949495,-5.00463138383839,0,5,2,1
-1.58785313131314,-5.00008592929293,0,5,2,1
-1.62522686868688,-4.99604552525253,0,5,2,1
-1.66310565656567,-4.99251017171717,0,5,2,1
-1.70148949494951,-4.98947986868687,0,5,2,1
-1.74088343434345,-4.98745966666667,0,5,2,1
-1.78078242424244,-4.98594451515152,0,5,2,1
-1.82169151515153,-4.98493441414142,0,5,2,1
-1.86310565656567,-4.98442936363637,0,5,2,1
-1.90502484848486,-4.98442936363637,0,5,2,1
-1.94795414141415,-4.98493441414142,0,5,2,1
-1.9913884848485,-4.98594451515152,0,5,2,1
-2.03532787878789,-4.98745966666667,0,5,2,1
-2.07977232323234,-4.98998491919192,0,5,2,1
-2.12522686868688,-4.99301522222222,0,5,2,1
-2.17118646464647,-4.99655057575757,0,5,2,1
-2.21815616161617,-5.00008592929293,0,5,2,1
-2.26512585858587,-5.00362128282828,0,5,2,1
-2.31209555555557,-5.00715663636363,0,5,2,1
-2.35957030303031,-5.01069198989899,0,5,2,1
-2.40755010101011,-5.01422734343434,0,5,2,1
-2.45603494949495,-5.01776269696969,0,5,2,1
-2.5045197979798,-5.02129805050505,0,5,2,1
-2.55300464646465,-5.0248334040404,0,5,2,1
-2.60199454545455,-5.02836875757575,0,5,2,1
-2.65098444444444,-5.0319041111111,0,5,2,1
-2.69946929292929,-5.03543946464645,0,5,2,1
-2.74795414141414,-5.03897481818181,0,5,2,1
-2.79643898989898,-5.04251017171716,0,5,2,1
-2.84492383838383,-5.04604552525251,0,5,2,1
-2.89290363636363,-5.04958087878786,0,5,2,1
-2.94088343434342,-5.05261118181817,0,5,2,1
-2.98886323232322,-5.05513643434342,0,5,2,1
-3.03684303030302,-5.05715663636362,0,5,2,1
-3.08431777777776,-5.05867178787877,0,5,2,1
-3.13179252525251,-5.06018693939392,0,5,2,1
-3.17926727272726,-5.06069198989897,0,5,2,1
-3.22623696969696,-5.06069198989897,0,5,2,1
-3.27320666666665,-5.06018693939392,0,5,2,1
-3.3196713131313,-5.05968188888887,0,5,2,1
-3.36563090909089,-5.05816673737372,0,5,2,1
-3.41108545454544,-5.05614653535351,0,5,2,1
-3.45603494949493,-5.05362128282826,0,5,2,1
-3.50098444444443,-5.05109603030301,0,5,2,1
-3.54542888888888,-5.0480657272727,0,5,2,1
-3.58936828282827,-5.04453037373735,0,5,2,1
-3.63280262626261,-5.0399849191919,0,5,2,1
-3.67573191919191,-5.03493441414139,0,5,2,1
-3.71815616161615,-5.02887380808079,0,5,2,1
-3.76058040404039,-5.02230815151513,0,5,2,1
-3.80249959595959,-5.01523744444442,0,5,2,1
-3.84391373737373,-5.00766168686867,0,5,2,1
-3.88482282828282,-4.99907582828281,0,5,2,1
-3.92522686868686,-4.9899849191919,0,5,2,1
-3.96512585858586,-4.97988390909089,0,5,2,1
-4.0045197979798,-4.96927784848484,0,5,2,1
-4.04340868686869,-4.95816673737373,0,5,2,1
-4.08179252525252,-4.94604552525252,0,5,2,1
-4.11967131313131,-4.93341926262625,0,5,2,1
-4.1575501010101,-4.92028794949494,0,5,2,1
-4.19492383838384,-4.90665158585858,0,5,2,1
-4.23128747474747,-4.89251017171717,0,5,2,1
-4.26714606060606,-4.87786370707071,0,5,2,1
-4.30199454545454,-4.86220714141414,0,5,2,1
-4.33633797979798,-4.84604552525253,0,5,2,1
-4.36967131313131,-4.82887380808081,0,5,2,1
-4.40199454545454,-4.81119704040405,0,5,2,1
-4.43381272727272,-4.79251017171718,0,5,2,1
-4.46512585858585,-4.77331825252526,0,5,2,1
-4.49542888888888,-4.75311623232324,0,5,2,1
-4.52472181818181,-4.73190411111112,0,5,2,1
-4.55350969696969,-4.71018693939395,0,5,2,1
-4.58128747474747,-4.68745966666668,0,5,2,1
-4.60805515151514,-4.66372229292931,0,5,2,1
-4.63431777777777,-4.63947986868688,0,5,2,1
-4.65957030303029,-4.61473239393941,0,5,2,1
-4.68381272727272,-4.58897481818184,0,5,2,1
-4.70755010101009,-4.56271219191921,0,5,2,1
-4.73078242424242,-4.53543946464648,0,5,2,1
-4.75300464646464,-4.5076616868687,0,5,2,1
-4.77421676767676,-4.47887380808082,0,5,2,1
-4.79441878787878,-4.44958087878789,0,5,2,1
-4.8136107070707,-4.41978289898991,0,5,2,1
-4.83229757575757,-4.38897481818183,0,5,2,1
-4.84997434343433,-4.3576616868687,0,5,2,1
-4.866641010101,-4.32584350505052,0,5,2,1
-4.88229757575757,-4.29352027272729,0,5,2,1
-4.89744909090908,-4.26018693939395,0,5,2,1
-4.9115905050505,-4.22584350505051,0,5,2,1
-4.92472181818181,-4.19099502020203,0,5,2,1
-4.93684303030302,-4.15564148484849,0,5,2,1
-4.94795414141413,-4.1197828989899,0,5,2,1
-4.95805515151515,-4.08291421212121,0,5,2,1
-4.96714606060605,-4.04554047474748,0,5,2,1
-4.97522686868686,-4.00816673737374,0,5,2,1
-4.98229757575757,-3.97028794949495,0,5,2,1
-4.98835818181818,-3.93190411111111,0,5,2,1
-4.99340868686868,-3.89301522222222,0,5,2,1
-4.99744909090909,-3.85311623232323,0,5,2,1
-5.00047939393939,-3.81321724242424,0,5,2,1
-5.0024995959596,-3.7728132020202,0,5,2,1
-5.0035096969697,-3.73190411111111,0,5,2,1
-5.0035096969697,-3.69099502020202,0,5,2,1
-5.0024995959596,-3.64958087878788,0,5,2,1
-5.0004793939394,-3.60715663636364,0,5,2,1
-4.99744909090909,-3.56473239393939,0,5,2,1
-4.99340868686869,-3.5218031010101,0,5,2,1
-4.98835818181819,-3.47887380808081,0,5,2,1
-4.98229757575758,-3.43543946464647,0,5,2,1
-4.97522686868687,-3.39150007070707,0,5,2,1
-4.96714606060607,-3.34756067676768,0,5,2,1
-4.95805515151516,-3.30311623232323,0,5,2,1
-4.94795414141415,-3.25816673737374,0,5,2,1
-4.93684303030304,-3.21321724242424,0,5,2,1
-4.92472181818182,-3.1677626969697,0,5,2,1
-4.91159050505051,-3.12230815151515,0,5,2,1
-4.8974490909091,-3.07735865656566,0,5,2,1
-4.88280262626263,-3.03240916161616,0,5,2,1
-4.86714606060607,-2.98796471717172,0,5,2,1
-4.8504793939394,-2.94352027272727,0,5,2,1
-4.83280262626263,-2.89958087878788,0,5,2,1
-4.81411575757576,-2.85564148484848,0,5,2,1
-4.79492383838384,-2.81220714141414,0,5,2,1
-4.77472181818182,-2.7687727979798,0,5,2,1
-4.7535096969697,-2.72584350505051,0,5,2,1
-4.73179252525253,-2.68291421212121,0,5,2,1
-4.70906525252525,-2.64048996969697,0,5,2,1
-4.68532787878788,-2.59806572727273,0,5,2,1
-4.6605804040404,-2.55614653535354,0,5,2,1
-4.63532787878788,-2.51422734343435,0,5,2,1
-4.60906525252525,-2.4728132020202,0,5,2,1
-4.58179252525253,-2.43190411111111,0,5,2,1
-4.5535096969697,-2.39099502020202,0,5,2,1
-4.52472181818182,-2.35059097979798,0,5,2,1
-4.49492383838384,-2.31018693939394,0,5,2,1
-4.46411575757576,-2.27028794949495,0,5,2,1
-4.43280262626262,-2.23089401010101,0,5,2,1
-4.40047939393939,-2.19150007070707,0,5,2,1
-4.36765111111111,-2.15261118181818,0,5,2,1
-4.33431777777778,-2.11422734343434,0,5,2,1
-4.30047939393939,-2.0758435050505,0,5,2,1
-4.26613595959596,-2.03796471717171,0,5,2,1
-4.23078242424242,-2.00059097979797,0,5,2,1
-4.19492383838384,-1.96321724242424,0,5,2,1
-4.1585602020202,-1.92634855555555,0,5,2,1
-4.12169151515151,-1.88998491919191,0,5,2,1
-4.08431777777778,-1.85362128282827,0,5,2,1
-4.04643898989899,-1.81776269696969,0,5,2,1
-4.0075501010101,-1.78240916161615,0,5,2,1
-3.96815616161616,-1.74705562626262,0,5,2,1
-3.92825717171717,-1.71220714141413,0,5,2,1
-3.88785313131313,-1.6778637070707,0,5,2,1
-3.84694404040404,-1.64352027272726,0,5,2,1
-3.8055298989899,-1.60968188888888,0,5,2,1
-3.76361070707071,-1.57634855555554,0,5,2,1
-3.72118646464646,-1.54352027272726,0,5,2,1
-3.67825717171717,-1.51069198989898,0,5,2,1
-3.63482282828283,-1.47836875757575,0,5,2,1
-3.59037838383838,-1.44655057575757,0,5,2,1
-3.54542888888889,-1.41473239393938,0,5,2,1
-3.50047939393939,-1.38341926262625,0,5,2,1
-3.45502484848485,-1.35261118181817,0,5,2,1
-3.4095703030303,-1.32230815151514,0,5,2,1
-3.36361070707071,-1.29200512121211,0,5,2,1
-3.31765111111111,-1.26220714141413,0,5,2,1
-3.27169151515151,-1.23291421212121,0,5,2,1
-3.22522686868687,-1.20412633333332,0,5,2,1
-3.17825717171717,-1.17533845454545,0,5,2,1
-3.13128747474747,-1.14705562626262,0,5,2,1
-3.08431777777778,-1.11927784848485,0,5,2,1
-3.03684303030303,-1.09200512121212,0,5,2,1
-2.98936828282828,-1.06523744444444,0,5,2,1
-2.94189353535353,-1.03846976767677,0,5,2,1
-2.89391373737374,-1.01220714141414,0,5,2,1
-2.84593393939394,-0.986449565656564,0,5,2,1
-2.79795414141414,-0.961197040404041,0,5,2,1
-2.74946929292929,-0.935944515151519,0,5,2,1
-2.70047939393939,-0.911197040404041,0,5,2,1
-2.65148949494949,-0.886954616161617,0,5,2,1
-2.60249959595959,-0.863217242424248,0,5,2,1
-2.55350969696969,-0.839479868686869,0,5,2,1
-2.5045197979798,-0.816247545454548,0,5,2,1
-2.45502484848484,-0.793520272727282,0,5,2,1
-2.40552989898989,-0.771298050505056,0,5,2,1
-2.35603494949494,-0.749580878787885,0,5,2,1
-2.30653999999999,-0.728368757575769,0,5,2,1
-2.25653999999999,-0.707156636363649,0,5,2,1
-2.20653999999999,-0.686449565656577,0,5,2,1
-2.15653999999999,-0.666247545454556,0,5,2,1
-2.10653999999999,-0.646550575757587,0,5,2,1
-2.05653999999999,-0.627358656565669,0,5,2,1
-2.00653999999999,-0.608671787878798,0,5,2,1
-1.95653999999999,-0.589984919191927,0,5,2,1
-1.90653999999999,-0.571298050505057,0,5,2,1
-1.85653999999999,-0.553116232323237,0,5,2,1
-1.80653999999998,-0.535439464646473,0,5,2,1
-1.75653999999998,-0.518267747474756,0,5,2,1
-1.70653999999998,-0.50160108080809,0,5,2,1
-1.65653999999998,-0.484934414141421,0,5,2,1
-1.60653999999998,-0.468267747474751,0,5,2,1
-1.55653999999998,-0.452106131313133,0,5,2,1
-1.50653999999998,-0.435944515151519,0,5,2,1
-1.45653999999998,-0.420287949494952,0,5,2,1
-1.40653999999998,-0.40513643434344,0,5,2,1
-1.35653999999999,-0.389984919191921,0,5,2,1
-1.30653999999999,-0.375338454545457,0,5,2,1
-1.25653999999999,-0.360691989898996,0,5,2,1
-1.20653999999999,-0.346550575757579,0,5,2,1
-1.15653999999999,-0.332914212121214,0,5,2,1
-1.10653999999999,-0.318772797979804,0,5,2,1
-1.05653999999999,-0.305136434343435,0,5,2,1
-1.00653999999999,-0.291500070707073,0,5,2,1
-0.956539999999993,-0.277863707070711,0,5,2,1
-0.906539999999994,-0.264732393939394,0,5,2,1
-0.856539999999995,-0.252106131313134,0,5,2,1
-0.806539999999996,-0.239479868686871,0,5,2,1
-0.756539999999999,-0.227358656565659,0,5,2,1
-0.70654,-0.215237444444444,0,5,2,1
-0.656540000000001,-0.203621282828284,0,5,2,1
-0.606540000000001,-0.192005121212123,0,5,2,1
-0.556540000000002,-0.18089401010101,0,5,2,1
-0.506540000000003,-0.169782898989901,0,5,2,1
-0.456540000000002,-0.159176838383839,0,5,2,1
-0.406540000000003,-0.148570777777778,0,5,2,1
-0.356540000000004,-0.137964717171716,0,5,2,1
-0.306540000000005,-0.127358656565658,0,5,2,1
-0.256540000000006,-0.117257646464648,0,5,2,1
-0.206540000000007,-0.107156636363637,0,5,2,1
-0.156540000000009,-0.0975606767676744,0,5,2,1
-0.106540000000008,-0.0879647171717153,0,5,2,1
-0.0565400000000107,-0.0783687575757561,0,5,2,1
